score,time
711.9017783980621,847.4649813999999
740.5905439555941,485.40796520000004
703.058487198025,1377.7471974999999
737.1600763665299,611.9461910999999
707.0708373390884,792.6433987
