score,time
21.564316896973256,37.147529299999995
