score,time
20.964699646980872,0.162392
