score,time
669.6287363957666,12.202593
654.8789102595092,12.6954277
671.3490319349899,10.057514400000002
668.2783734196985,8.483812100000002
638.0774280741696,9.668642800000008
