score,time
88.5664484749291,0.007480699999999993
87.31152137655808,0.008372000000000018
93.7250331679113,0.02614530000000001
96.01706170921223,0.011128899999999997
94.3561194107391,0.016159000000000034
96.02926305316645,0.009174000000000015
90.9031017501734,0.0196075
91.83738583071481,0.015336200000000022
93.26146403071169,0.01437860000000002
92.59411191341773,0.015285800000000072
